{"cameraMode":{"drawMode":0,"name":"Shaded","section":"Shading Mode"},"sceneLighting":true,"audioPlay":false,"sceneViewState":{"showFog":true,"showMaterialUpdate":true,"showSkybox":true,"showFlares":true,"showImageEffects":true,"showParticleSystems":true},"in2DMode":false,"pivot":{"x":0.6224231719970703,"y":1.8154144287109376,"z":-0.7636978626251221},"rotation":{"x":0.37868568301200869,"y":0.5346499681472778,"z":-0.29027673602104189,"w":0.6974855661392212},"size":22.87787628173828,"orthographic":false}